FileName,SIZE,DIM,LID,Sum_K_MinDist,Sum_K_MaxDist,Sum_K_StdDist,q_SIZE,q_K_MinRatio,q_K_MaxRatio,q_K_MeanRatio,q_K_StdRatio
deep_0_1_96_1,100000,96,25,0.124283746,14.252405,1.9627244,10000,0,0.92828584,0.7935934,0.08068869
paper_0_2_200_1,200000,200,21,0.9106178,25.99148,1.7436454,10000,0,0.93294007,0.76635903,0.07140644
gist_0_1_960_1,100000,960,50,0.13075407,39.897594,2.566467,1000,0.24548246,0.94645095,0.8918941,0.057759795
